cve_ent,cve_mun,cvegeo,nom_ent,area,perimeter,nom_mun,cov_,cov_id,clase_1,clase_2,clase_3,clase_4,clase_5,clase_6,clase_7,clase_8,clase_9,clase_10,clase_11,clase_12,clase_13,clase_14,clase_15,clase_16
"31","060","31060",Yucatán,10345.65000,102.55767,Quintana Roo,"2358","2359",1468.900000000000091,0.000000000000000,0.000000000000000,0.000000000000000,0.000000000000000,0.000000000000000,693.740000000000009,0.000000000000000,0.000000000000000,0.000000000000000,0.000000000000000,8118.149999999999636,0.000000000000000,0.000000000000000,0.000000000000000,64.000000000000000
"31","061","31061",Yucatán,33756.28000,334.29701,Río Lagartos,"2359","2360",0.000000000000000,0.000000000000000,3547.500000000000000,3169.739999999999782,0.000000000000000,3854.250000000000000,16477.310000000001310,335.139999999999986,0.000000000000000,0.000000000000000,2092.369999999999891,0.000000000000000,1973.039999999999964,1172.619999999999891,53.350000000000001,77.680000000000007
"31","062","31062",Yucatán,19878.24000,197.16112,Sacalum,"2360","2361",3131.289999999999964,0.000000000000000,8.390000000000001,223.060000000000002,0.000000000000000,0.000000000000000,514.570000000000050,0.000000000000000,0.000000000000000,0.000000000000000,0.000000000000000,15903.329999999999927,0.000000000000000,0.000000000000000,0.000000000000000,118.329999999999998
"31","063","31063",Yucatán,16064.00000,159.24529,Samahil,"2361","2362",2157.400000000000091,0.000000000000000,0.480000000000000,427.139999999999986,0.000000000000000,0.000000000000000,711.730000000000018,0.000000000000000,0.000000000000000,0.000000000000000,2096.679999999999836,10511.840000000000146,0.000000000000000,0.000000000000000,0.000000000000000,182.550000000000011
"31","064","31064",Yucatán,2616.39000,25.94001,Sanahcat,"2362","2363",0.000000000000000,0.000000000000000,0.000000000000000,0.000000000000000,0.000000000000000,0.000000000000000,0.000000000000000,0.000000000000000,0.000000000000000,0.000000000000000,0.000000000000000,2569.269999999999982,0.000000000000000,0.000000000000000,0.000000000000000,48.460000000000001
"31","065","31065",Yucatán,45214.35000,447.79792,San Felipe,"2363","2364",0.000000000000000,0.000000000000000,1.430000000000000,0.000000000000000,0.000000000000000,7453.699999999999818,29295.529999999998836,0.000000000000000,0.000000000000000,0.000000000000000,3112.869999999999891,0.000000000000000,2960.260000000000218,98.019999999999996,1427.029999999999973,45.420000000000002
"31","066","31066",Yucatán,51381.68000,509.87699,Santa Elena,"2364","2365",3018.349999999999909,0.000000000000000,0.000000000000000,0.000000000000000,0.000000000000000,0.000000000000000,411.240000000000009,0.000000000000000,0.000000000000000,0.000000000000000,0.000000000000000,47890.110000000000582,0.000000000000000,0.000000000000000,0.000000000000000,123.930000000000007
"31","067","31067",Yucatán,17812.38000,176.57656,Seyé,"2365","2366",966.620000000000005,0.000000000000000,0.000000000000000,1.290000000000000,0.000000000000000,0.000000000000000,598.700000000000045,0.000000000000000,0.000000000000000,0.000000000000000,0.000000000000000,16029.700000000000728,0.000000000000000,0.000000000000000,0.000000000000000,228.610000000000014
"31","068","31068",Yucatán,13426.84000,133.01675,Sinanché,"2366","2367",3771.679999999999836,0.000000000000000,0.000000000000000,181.439999999999998,0.000000000000000,699.649999999999977,3514.949999999999818,0.000000000000000,0.000000000000000,0.000000000000000,3190.230000000000018,1805.740000000000009,0.000000000000000,83.450000000000003,0.000000000000000,186.219999999999999
"31","069","31069",Yucatán,54594.42000,541.41639,Sotuta,"2367","2368",3317.349999999999909,0.000000000000000,0.000000000000000,0.000000000000000,0.000000000000000,0.000000000000000,6099.000000000000000,0.000000000000000,0.000000000000000,0.000000000000000,0.000000000000000,44069.029999999998836,0.000000000000000,0.000000000000000,0.000000000000000,266.250000000000000
"31","070","31070",Yucatán,30721.89000,304.38063,Sucilá,"2368","2369",0.000000000000000,0.000000000000000,3.670000000000000,0.000000000000000,3.130000000000000,0.000000000000000,23608.860000000000582,0.000000000000000,0.000000000000000,0.000000000000000,0.000000000000000,7018.760000000000218,0.000000000000000,0.000000000000000,0.000000000000000,78.310000000000002
"31","071","31071",Yucatán,22155.84000,219.64622,Sudzal,"2369","2370",389.850000000000023,0.000000000000000,0.000000000000000,0.000000000000000,0.000000000000000,0.000000000000000,4802.699999999999818,0.000000000000000,0.000000000000000,0.000000000000000,0.000000000000000,16637.330000000001746,0.000000000000000,0.000000000000000,0.000000000000000,64.459999999999994
"31","072","31072",Yucatán,8790.55000,87.10640,Suma,"2370","2371",2556.070000000000164,0.000000000000000,0.000000000000000,0.000000000000000,0.000000000000000,0.000000000000000,227.620000000000005,0.000000000000000,0.000000000000000,0.000000000000000,5.350000000000000,5880.020000000000437,0.000000000000000,0.000000000000000,0.000000000000000,125.299999999999997
"31","073","31073",Yucatán,24141.42000,239.57272,Tahdziú,"2371","2372",7669.090000000000146,0.000000000000000,0.000000000000000,0.000000000000000,0.000000000000000,0.000000000000000,134.590000000000003,0.000000000000000,0.000000000000000,0.000000000000000,0.000000000000000,16284.829999999999927,0.000000000000000,0.000000000000000,0.000000000000000,57.210000000000001
"31","074","31074",Yucatán,10248.87000,101.58976,Tahmek,"2372","2373",2035.980000000000018,0.000000000000000,0.000000000000000,189.780000000000001,0.000000000000000,0.000000000000000,178.319999999999993,0.000000000000000,0.000000000000000,0.000000000000000,0.000000000000000,6883.550000000000182,0.000000000000000,0.000000000000000,0.000000000000000,179.599999999999994
"31","075","31075",Yucatán,22461.19000,222.84278,Teabo,"2373","2374",3373.969999999999800,0.000000000000000,0.000000000000000,0.000000000000000,0.000000000000000,0.000000000000000,152.610000000000014,0.000000000000000,0.000000000000000,0.000000000000000,0.000000000000000,18786.360000000000582,0.000000000000000,0.000000000000000,0.000000000000000,160.139999999999986
"31","076","31076",Yucatán,36752.66000,364.44416,Tecoh,"2374","2375",2944.760000000000218,0.000000000000000,39.840000000000003,131.819999999999993,0.000000000000000,0.000000000000000,591.929999999999950,0.000000000000000,0.000000000000000,0.000000000000000,0.000000000000000,32538.759999999998399,0.000000000000000,0.000000000000000,0.000000000000000,535.740000000000009
"31","077","31077",Yucatán,19961.84000,197.82831,Tekal de Venegas,"2375","2376",3268.849999999999909,0.000000000000000,1.090000000000000,0.000000000000000,0.000000000000000,0.000000000000000,7166.920000000000073,0.000000000000000,0.000000000000000,0.000000000000000,0.000000000000000,9422.909999999999854,0.000000000000000,0.000000000000000,0.000000000000000,104.340000000000003
"31","078","31078",Yucatán,7979.12000,79.07761,Tekantó,"2376","2377",1733.299999999999955,0.000000000000000,0.000000000000000,0.000000000000000,0.000000000000000,0.000000000000000,802.870000000000005,0.000000000000000,0.000000000000000,0.000000000000000,0.000000000000000,5049.189999999999600,0.000000000000000,0.000000000000000,0.000000000000000,396.329999999999984
"31","079","31079",Yucatán,276841.69000,2749.10146,Tekax,"2377","2378",34517.300000000002910,0.000000000000000,0.000000000000000,0.000000000000000,0.000000000000000,0.000000000000000,5222.140000000000327,0.000000000000000,9.070000000000000,2871.949999999999818,7278.560000000000400,225822.750000000000000,0.000000000000000,0.000000000000000,0.000000000000000,913.409999999999968
"31","080","31080",Yucatán,28100.50000,278.69264,Tekit,"2378","2379",2971.420000000000073,0.000000000000000,9.230000000000000,16.329999999999998,0.000000000000000,0.000000000000000,716.779999999999973,0.000000000000000,0.000000000000000,0.000000000000000,0.000000000000000,24195.470000000001164,0.000000000000000,0.000000000000000,0.000000000000000,161.620000000000005
"31","081","31081",Yucatán,27312.75000,270.91751,Tekom,"2379","2380",3009.409999999999854,0.000000000000000,3.220000000000000,0.000000000000000,0.000000000000000,0.000000000000000,1546.609999999999900,0.000000000000000,0.000000000000000,0.000000000000000,0.000000000000000,22640.509999999998399,0.000000000000000,0.000000000000000,0.000000000000000,105.430000000000007
"31","082","31082",Yucatán,5794.82000,57.41223,Telchac Pueblo,"2380","2381",2550.679999999999836,0.000000000000000,0.000000000000000,0.000000000000000,0.000000000000000,0.000000000000000,1358.890000000000100,0.000000000000000,0.000000000000000,0.000000000000000,1402.799999999999955,348.439999999999998,0.000000000000000,0.000000000000000,0.000000000000000,137.240000000000009
"31","083","31083",Yucatán,6517.25000,64.56118,Telchac Puerto,"2381","2382",2.690000000000000,0.000000000000000,357.639999999999986,169.039999999999992,210.659999999999997,709.559999999999945,1960.859999999999900,0.000000000000000,0.000000000000000,0.000000000000000,2750.960000000000036,37.409999999999997,0.000000000000000,4.570000000000000,0.000000000000000,299.029999999999973
"31","084","31084",Yucatán,33757.19000,334.47349,Temax,"2382","2383",1459.140000000000100,0.000000000000000,1.490000000000000,0.000000000000000,0.000000000000000,0.000000000000000,20655.930000000000291,0.000000000000000,0.000000000000000,0.000000000000000,0.000000000000000,11485.319999999999709,0.000000000000000,0.000000000000000,0.000000000000000,159.919999999999987
"31","085","31085",Yucatán,70656.21000,700.36060,Temozón,"2383","2384",2.420000000000000,0.000000000000000,0.000000000000000,0.000000000000000,0.000000000000000,0.000000000000000,30288.490000000001601,0.000000000000000,0.000000000000000,0.000000000000000,0.000000000000000,39927.970000000001164,0.000000000000000,0.000000000000000,0.000000000000000,402.500000000000000
"31","086","31086",Yucatán,10870.05000,107.71841,Tepakán,"2384","2385",992.139999999999986,0.000000000000000,0.000000000000000,0.000000000000000,0.000000000000000,0.000000000000000,1897.990000000000009,0.000000000000000,0.000000000000000,0.000000000000000,0.000000000000000,7799.770000000000437,0.000000000000000,0.000000000000000,0.000000000000000,183.110000000000014
"31","087","31087",Yucatán,33686.24000,333.87542,Tetiz,"2385","2386",3047.940000000000055,0.000000000000000,0.000000000000000,127.349999999999994,0.000000000000000,355.699999999999989,185.060000000000002,387.850000000000023,0.000000000000000,0.000000000000000,28896.290000000000873,396.970000000000027,0.000000000000000,0.000000000000000,0.000000000000000,346.449999999999989
"31","088","31088",Yucatán,7786.40000,77.16065,Teya,"2386","2387",1319.380000000000109,0.000000000000000,0.000000000000000,0.000000000000000,0.000000000000000,0.000000000000000,760.519999999999982,0.000000000000000,0.000000000000000,0.000000000000000,0.000000000000000,5587.180000000000291,0.000000000000000,0.000000000000000,0.000000000000000,121.959999999999994
"31","089","31089",Yucatán,33992.07000,337.25428,Ticul,"2387","2388",6237.960000000000036,0.000000000000000,0.000000000000000,51.579999999999998,0.000000000000000,0.000000000000000,922.659999999999968,0.000000000000000,0.000000000000000,0.000000000000000,6593.420000000000073,19401.709999999999127,0.000000000000000,0.000000000000000,0.000000000000000,817.629999999999995
"31","090","31090",Yucatán,13457.31000,133.42084,Timucuy,"2388","2389",1415.880000000000109,0.000000000000000,0.000000000000000,0.000000000000000,0.000000000000000,0.000000000000000,224.250000000000000,0.000000000000000,0.000000000000000,0.000000000000000,0.000000000000000,11597.579999999999927,0.000000000000000,0.000000000000000,0.000000000000000,231.449999999999989
"31","091","31091",Yucatán,47052.03000,466.52238,Tinum,"2389","2390",6306.920000000000073,0.000000000000000,3.040000000000000,3.280000000000000,0.000000000000000,0.000000000000000,665.980000000000018,0.000000000000000,0.000000000000000,0.000000000000000,0.000000000000000,39556.330000000001746,0.000000000000000,0.000000000000000,0.000000000000000,507.660000000000025
"31","092","31092",Yucatán,50237.49000,498.40485,Tixcacalcupul,"2390","2391",8902.010000000000218,0.000000000000000,7.130000000000000,0.000000000000000,0.000000000000000,0.000000000000000,1720.779999999999973,0.000000000000000,0.000000000000000,0.000000000000000,0.000000000000000,39380.120000000002619,0.000000000000000,0.000000000000000,0.000000000000000,210.919999999999987
"31","093","31093",Yucatán,17226.74000,170.73376,Tixkokob,"2391","2392",3234.829999999999927,0.000000000000000,0.000000000000000,78.319999999999993,0.000000000000000,0.000000000000000,286.500000000000000,0.000000000000000,0.000000000000000,0.000000000000000,8953.049999999999272,3939.809999999999945,0.000000000000000,0.000000000000000,0.000000000000000,746.429999999999950
"31","094","31094",Yucatán,23020.51000,228.44979,Tixmehuac,"2392","2393",6181.899999999999636,0.000000000000000,0.000000000000000,0.000000000000000,0.000000000000000,0.000000000000000,364.110000000000014,0.000000000000000,0.000000000000000,0.000000000000000,0.000000000000000,16433.490000000001601,0.000000000000000,0.000000000000000,0.000000000000000,49.640000000000001
"31","095","31095",Yucatán,7089.34000,70.26393,Tixpéhual,"2393","2394",1798.849999999999909,0.000000000000000,0.000000000000000,179.280000000000001,0.000000000000000,0.000000000000000,2.370000000000000,0.000000000000000,0.000000000000000,0.000000000000000,3165.969999999999800,1529.880000000000109,0.000000000000000,0.000000000000000,0.000000000000000,418.829999999999984
"31","096","31096",Yucatán,388484.38000,3848.72093,Tizimín,"2394","2395",8101.500000000000000,0.000000000000000,4693.789999999999964,3035.539999999999964,222.289999999999992,5953.720000000000255,210216.720000000001164,0.000000000000000,0.000000000000000,898.320000000000050,6900.090000000000146,139626.179999999993015,1083.210000000000036,1666.049999999999955,4025.780000000000200,1658.700000000000045
"31","097","31097",Yucatán,41322.68000,409.60822,Tunkás,"2395","2396",897.299999999999955,0.000000000000000,0.000000000000000,0.000000000000000,0.000000000000000,0.000000000000000,11942.670000000000073,0.000000000000000,0.000000000000000,0.000000000000000,0.000000000000000,28351.090000000000146,0.000000000000000,0.000000000000000,0.000000000000000,132.319999999999993
"31","098","31098",Yucatán,76558.89000,760.23971,Tzucacab,"2396","2397",10435.670000000000073,0.000000000000000,0.000000000000000,0.000000000000000,0.000000000000000,0.000000000000000,16636.450000000000728,0.000000000000000,0.000000000000000,2259.989999999999782,2697.480000000000018,44020.449999999997090,0.000000000000000,0.000000000000000,0.000000000000000,534.519999999999982
"31","099","31099",Yucatán,18767.34000,186.06223,Uayma,"2397","2398",2639.940000000000055,0.000000000000000,0.000000000000000,0.000000000000000,0.000000000000000,0.000000000000000,1870.019999999999982,0.000000000000000,0.000000000000000,0.000000000000000,0.000000000000000,14145.229999999999563,0.000000000000000,0.000000000000000,0.000000000000000,89.560000000000002
"31","100","31100",Yucatán,13080.55000,129.62563,Ucú,"2398","2399",133.449999999999989,0.000000000000000,0.000000000000000,0.000000000000000,0.000000000000000,81.030000000000001,809.529999999999973,0.000000000000000,0.000000000000000,0.000000000000000,11387.940000000000509,0.000000000000000,2.340000000000000,0.000000000000000,0.000000000000000,682.870000000000005
"31","101","31101",Yucatán,34909.49000,346.05646,Umán,"2399","2400",7368.750000000000000,0.000000000000000,2.650000000000000,354.290000000000020,0.000000000000000,0.000000000000000,176.280000000000001,0.000000000000000,0.000000000000000,0.000000000000000,3290.289999999999964,21117.790000000000873,0.000000000000000,0.000000000000000,0.000000000000000,2643.010000000000218
"31","102","31102",Yucatán,107824.05000,1069.24356,Valladolid,"2400","2401",7541.800000000000182,0.000000000000000,7.740000000000000,52.390000000000001,0.000000000000000,0.000000000000000,31173.930000000000291,0.000000000000000,0.000000000000000,0.000000000000000,0.000000000000000,66525.619999999995343,0.000000000000000,0.000000000000000,0.000000000000000,2471.989999999999782
"31","103","31103",Yucatán,11076.66000,109.81103,Xocchel,"2401","2402",167.009999999999991,0.000000000000000,0.000000000000000,51.280000000000001,0.000000000000000,0.000000000000000,732.379999999999995,0.000000000000000,0.000000000000000,0.000000000000000,0.000000000000000,10067.569999999999709,0.000000000000000,0.000000000000000,0.000000000000000,62.960000000000001
"31","104","31104",Yucatán,147423.03000,1462.34564,Yaxcabá,"2402","2403",32256.389999999999418,0.000000000000000,4.650000000000000,0.000000000000000,0.000000000000000,0.000000000000000,14488.750000000000000,0.000000000000000,0.000000000000000,0.000000000000000,0.000000000000000,100069.539999999993597,0.000000000000000,0.000000000000000,0.000000000000000,610.299999999999955
"31","105","31105",Yucatán,4950.21000,49.05556,Yaxkukul,"2403","2404",2081.400000000000091,0.000000000000000,0.000000000000000,0.010000000000000,0.000000000000000,0.000000000000000,81.049999999999997,0.000000000000000,0.000000000000000,0.000000000000000,2524.849999999999909,0.000000000000000,0.000000000000000,0.000000000000000,0.000000000000000,266.829999999999984
"31","106","31106",Yucatán,13177.45000,130.54289,Yobaín,"2404","2405",2457.420000000000073,0.000000000000000,60.840000000000003,999.740000000000009,0.000000000000000,568.250000000000000,1169.539999999999964,0.000000000000000,0.000000000000000,0.000000000000000,4636.090000000000146,3070.619999999999891,0.000000000000000,128.780000000000001,0.000000000000000,89.870000000000005
"31","001","31001",Yucatán,29268.91000,290.23783,Abalá,"2299","2300",1227.859999999999900,0.000000000000000,5.820000000000000,125.689999999999998,0.000000000000000,0.000000000000000,1109.190000000000055,0.000000000000000,0.000000000000000,0.000000000000000,0.000000000000000,26580.919999999998254,0.000000000000000,0.000000000000000,0.000000000000000,251.259999999999991
"31","002","31002",Yucatán,13725.16000,136.06331,Acanceh,"2300","2301",1694.049999999999955,0.000000000000000,0.000000000000000,301.019999999999982,0.000000000000000,0.000000000000000,522.370000000000005,0.000000000000000,0.000000000000000,0.000000000000000,0.000000000000000,10830.940000000000509,0.000000000000000,0.000000000000000,0.000000000000000,387.829999999999984
"31","003","31003",Yucatán,7645.66000,75.87159,Akil,"2301","2302",3944.429999999999836,0.000000000000000,0.000000000000000,0.000000000000000,0.000000000000000,0.000000000000000,432.550000000000011,0.000000000000000,0.000000000000000,0.000000000000000,268.500000000000000,2835.500000000000000,0.000000000000000,0.000000000000000,0.000000000000000,169.960000000000008
"31","004","31004",Yucatán,10846.90000,107.47849,Baca,"2302","2303",4080.510000000000218,0.000000000000000,0.000000000000000,74.260000000000005,0.000000000000000,0.000000000000000,1879.700000000000045,0.000000000000000,0.000000000000000,0.000000000000000,4640.439999999999600,0.000000000000000,0.000000000000000,0.000000000000000,0.000000000000000,179.979999999999990
"31","005","31005",Yucatán,7170.57000,71.06498,Bokobá,"2303","2304",901.870000000000005,0.000000000000000,0.000000000000000,0.000000000000000,0.000000000000000,0.000000000000000,232.280000000000001,0.000000000000000,0.000000000000000,0.000000000000000,0.000000000000000,5944.920000000000073,0.000000000000000,0.000000000000000,0.000000000000000,94.829999999999998
"31","006","31006",Yucatán,65434.25000,648.28643,Buctzotz,"2304","2305",0.000000000000000,0.000000000000000,32.990000000000002,0.000000000000000,0.000000000000000,0.000000000000000,61586.430000000000291,0.000000000000000,0.000000000000000,0.000000000000000,0.000000000000000,3509.420000000000073,0.000000000000000,0.000000000000000,0.000000000000000,300.610000000000014
"31","007","31007",Yucatán,10147.40000,100.57051,Cacalchén,"2305","2306",1475.829999999999927,0.000000000000000,0.000000000000000,0.000000000000000,0.000000000000000,0.000000000000000,244.129999999999995,0.000000000000000,0.000000000000000,0.000000000000000,2846.949999999999818,5367.850000000000364,0.000000000000000,0.000000000000000,0.000000000000000,198.840000000000003
"31","008","31008",Yucatán,29074.94000,288.14560,Calotmul,"2306","2307",3902.809999999999945,0.000000000000000,0.000000000000000,0.000000000000000,0.000000000000000,0.000000000000000,6282.890000000000327,0.000000000000000,0.000000000000000,0.000000000000000,0.000000000000000,18731.369999999998981,0.000000000000000,0.000000000000000,0.000000000000000,144.449999999999989
"31","009","31009",Yucatán,12880.88000,127.62657,Cansahcab,"2307","2308",3315.559999999999945,0.000000000000000,0.000000000000000,0.000000000000000,0.000000000000000,0.000000000000000,2525.190000000000055,0.000000000000000,0.000000000000000,0.000000000000000,0.000000000000000,6790.550000000000182,0.000000000000000,0.000000000000000,0.000000000000000,254.030000000000001
"31","010","31010",Yucatán,35625.97000,353.42205,Cantamayec,"2308","2309",814.090000000000032,0.000000000000000,0.000000000000000,25.559999999999999,0.000000000000000,0.000000000000000,450.850000000000023,0.000000000000000,0.000000000000000,0.000000000000000,0.000000000000000,34261.430000000000291,0.000000000000000,0.000000000000000,0.000000000000000,52.420000000000002
"31","011","31011",Yucatán,60287.13000,597.58699,Celestún,"2309","2310",0.000000000000000,0.000000000000000,166.590000000000003,2005.839999999999918,0.000000000000000,13983.659999999999854,1215.970000000000027,897.850000000000023,0.000000000000000,0.000000000000000,16029.850000000000364,2578.010000000000218,1232.549999999999955,761.649999999999977,19270.610000000000582,85.349999999999994
"31","012","31012",Yucatán,54253.94000,537.66777,Cenotillo,"2310","2311",612.409999999999968,0.000000000000000,0.000000000000000,0.000000000000000,0.000000000000000,0.000000000000000,34035.339999999996508,0.000000000000000,0.000000000000000,0.000000000000000,0.000000000000000,19398.029999999998836,0.000000000000000,0.000000000000000,0.000000000000000,200.990000000000009
"31","013","31013",Yucatán,6333.98000,62.76617,Conkal,"2311","2312",316.389999999999986,0.000000000000000,0.000000000000000,29.090000000000000,0.000000000000000,0.000000000000000,296.389999999999986,0.000000000000000,0.000000000000000,0.000000000000000,2596.599999999999909,0.000000000000000,0.000000000000000,0.000000000000000,0.000000000000000,3101.130000000000109
"31","014","31014",Yucatán,13589.81000,134.76718,Cuncunul,"2312","2313",165.039999999999992,0.000000000000000,0.000000000000000,0.000000000000000,0.000000000000000,0.000000000000000,345.370000000000005,0.000000000000000,0.000000000000000,0.000000000000000,0.000000000000000,12988.309999999999491,0.000000000000000,0.000000000000000,0.000000000000000,86.859999999999999
"31","015","31015",Yucatán,9348.41000,92.69076,Cuzamá,"2313","2314",429.689999999999998,0.000000000000000,6.690000000000000,18.579999999999998,0.000000000000000,0.000000000000000,80.189999999999998,0.000000000000000,0.000000000000000,0.000000000000000,0.000000000000000,8706.739999999999782,0.000000000000000,0.000000000000000,0.000000000000000,112.810000000000002
"31","016","31016",Yucatán,11465.42000,113.79189,Chacsinkín,"2314","2315",4198.180000000000291,0.000000000000000,0.000000000000000,0.000000000000000,0.000000000000000,0.000000000000000,518.470000000000027,0.000000000000000,0.000000000000000,0.000000000000000,0.000000000000000,6612.640000000000327,0.000000000000000,0.000000000000000,0.000000000000000,139.560000000000002
"31","017","31017",Yucatán,44348.89000,439.89861,Chankom,"2315","2316",9320.229999999999563,0.000000000000000,0.000000000000000,0.000000000000000,0.000000000000000,0.000000000000000,2173.449999999999818,0.000000000000000,0.000000000000000,0.000000000000000,0.000000000000000,32647.150000000001455,0.000000000000000,0.000000000000000,0.000000000000000,201.919999999999987
"31","018","31018",Yucatán,16940.66000,168.03446,Chapab,"2316","2317",1427.170000000000073,0.000000000000000,7.800000000000000,0.000000000000000,0.000000000000000,0.000000000000000,254.939999999999998,0.000000000000000,0.000000000000000,0.000000000000000,0.000000000000000,14857.100000000000364,0.000000000000000,0.000000000000000,0.000000000000000,135.680000000000007
"31","019","31019",Yucatán,139846.00000,1386.41357,Chemax,"2317","2318",13848.950000000000728,0.000000000000000,0.000000000000000,0.000000000000000,0.000000000000000,0.000000000000000,15468.729999999999563,0.000000000000000,0.000000000000000,4103.899999999999636,0.000000000000000,105384.179999999993015,0.000000000000000,0.000000000000000,0.000000000000000,946.110000000000014
"31","020","31020",Yucatán,4427.38000,43.86840,Chicxulub Pueblo,"2318","2319",996.759999999999991,0.000000000000000,0.000000000000000,160.610000000000014,0.000000000000000,0.000000000000000,31.129999999999999,0.000000000000000,0.000000000000000,0.000000000000000,2733.579999999999927,0.000000000000000,0.000000000000000,0.000000000000000,0.000000000000000,509.290000000000020
"31","021","31021",Yucatán,46996.25000,466.20642,Chichimilá,"2319","2320",7470.050000000000182,0.000000000000000,7.450000000000000,0.000000000000000,0.000000000000000,0.000000000000000,3451.260000000000218,0.000000000000000,0.000000000000000,0.000000000000000,0.000000000000000,35850.629999999997381,0.000000000000000,0.000000000000000,0.000000000000000,196.629999999999995
"31","022","31022",Yucatán,47380.37000,470.16167,Chikindzonot,"2320","2321",20566.970000000001164,0.000000000000000,0.000000000000000,0.000000000000000,0.000000000000000,0.000000000000000,0.000000000000000,0.000000000000000,0.000000000000000,0.000000000000000,0.000000000000000,26604.330000000001746,0.000000000000000,0.000000000000000,0.000000000000000,195.860000000000014
"31","023","31023",Yucatán,29285.79000,290.36740,Chocholá,"2321","2322",3952.469999999999800,0.000000000000000,57.310000000000002,182.930000000000007,0.000000000000000,0.000000000000000,1146.970000000000027,0.000000000000000,0.000000000000000,0.000000000000000,3553.489999999999782,20317.299999999999272,0.000000000000000,0.000000000000000,0.000000000000000,115.640000000000001
"31","024","31024",Yucatán,8383.77000,83.16274,Chumayel,"2322","2323",3441.550000000000182,0.000000000000000,0.000000000000000,0.000000000000000,0.000000000000000,0.000000000000000,0.000000000000000,0.000000000000000,0.000000000000000,0.000000000000000,0.000000000000000,4830.670000000000073,0.000000000000000,0.000000000000000,0.000000000000000,116.579999999999998
"31","025","31025",Yucatán,7991.30000,79.27994,Dzán,"2323","2324",2978.820000000000164,0.000000000000000,0.000000000000000,0.000000000000000,0.000000000000000,0.000000000000000,424.050000000000011,0.000000000000000,0.000000000000000,0.000000000000000,0.000000000000000,4336.010000000000218,0.000000000000000,0.000000000000000,0.000000000000000,258.899999999999977
"31","026","31026",Yucatán,17410.64000,172.48678,Dzemul,"2324","2325",3321.710000000000036,0.000000000000000,1242.460000000000036,10.949999999999999,1.480000000000000,760.460000000000036,1610.380000000000109,0.000000000000000,0.000000000000000,0.000000000000000,7978.640000000000327,1638.279999999999973,24.219999999999999,251.210000000000008,0.000000000000000,581.889999999999986
"31","027","31027",Yucatán,20753.28000,205.59232,Dzidzantún,"2325","2326",2303.539999999999964,0.000000000000000,0.000000000000000,978.450000000000045,0.000000000000000,1002.820000000000050,8425.459999999999127,0.000000000000000,0.000000000000000,0.000000000000000,4201.430000000000291,3319.840000000000146,0.000000000000000,85.260000000000005,0.000000000000000,442.519999999999982
"31","028","31028",Yucatán,43225.12000,428.12995,Dzilam de Bravo,"2326","2327",0.000000000000000,0.000000000000000,7.760000000000000,289.439999999999998,0.000000000000000,14791.399999999999636,12870.770000000000437,0.000000000000000,0.000000000000000,0.000000000000000,8570.500000000000000,2585.590000000000146,897.450000000000045,239.009999999999991,1878.910000000000082,46.140000000000001
"31","029","31029",Yucatán,50647.28000,501.70990,Dzilam González,"2327","2328",609.610000000000014,0.000000000000000,39.049999999999997,0.000000000000000,0.000000000000000,144.469999999999999,38961.669999999998254,0.000000000000000,0.000000000000000,0.000000000000000,3170.869999999999891,7418.140000000000327,0.000000000000000,0.000000000000000,0.910000000000000,302.920000000000016
"31","030","31030",Yucatán,30955.54000,306.86940,Dzitás,"2328","2329",9465.350000000000364,0.000000000000000,0.000000000000000,0.000000000000000,0.000000000000000,0.000000000000000,973.850000000000023,0.000000000000000,0.000000000000000,0.000000000000000,0.000000000000000,20387.310000000001310,0.000000000000000,0.000000000000000,0.000000000000000,123.750000000000000
"31","031","31031",Yucatán,13340.91000,132.20039,Dzoncauich,"2329","2330",749.190000000000055,0.000000000000000,1.320000000000000,0.000000000000000,0.000000000000000,0.000000000000000,10381.600000000000364,0.000000000000000,0.000000000000000,0.000000000000000,0.000000000000000,2158.809999999999945,0.000000000000000,0.000000000000000,0.000000000000000,51.369999999999997
"31","032","31032",Yucatán,73527.91000,728.68756,Espita,"2330","2331",8435.139999999999418,0.000000000000000,0.000000000000000,0.000000000000000,380.079999999999984,0.000000000000000,15559.120000000000800,0.000000000000000,0.000000000000000,0.000000000000000,0.000000000000000,48812.010000000002037,0.000000000000000,0.000000000000000,0.000000000000000,319.000000000000000
"31","033","31033",Yucatán,58631.09000,581.48907,Halachó,"2331","2332",3712.070000000000164,0.000000000000000,0.000000000000000,0.000000000000000,0.000000000000000,4452.109999999999673,5868.840000000000146,94.260000000000005,0.000000000000000,0.000000000000000,8674.780000000000655,26968.360000000000582,0.000000000000000,0.000000000000000,6658.479999999999563,1494.210000000000036
"31","034","31034",Yucatán,9491.03000,94.09100,Hocabá,"2332","2333",1495.779999999999973,0.000000000000000,0.000000000000000,0.000000000000000,0.000000000000000,0.000000000000000,144.300000000000011,0.000000000000000,0.000000000000000,0.000000000000000,0.000000000000000,7605.909999999999854,0.000000000000000,0.000000000000000,0.000000000000000,250.270000000000010
"31","035","31035",Yucatán,12065.49000,119.60005,Hoctún,"2333","2334",1623.180000000000064,0.000000000000000,0.000000000000000,104.730000000000004,0.000000000000000,0.000000000000000,233.909999999999997,0.000000000000000,0.000000000000000,0.000000000000000,0.000000000000000,9877.120000000000800,0.000000000000000,0.000000000000000,0.000000000000000,231.949999999999989
"31","036","31036",Yucatán,19981.44000,198.13180,Homún,"2334","2335",918.389999999999986,0.000000000000000,76.640000000000001,0.000000000000000,0.000000000000000,0.000000000000000,165.520000000000010,0.000000000000000,0.000000000000000,0.000000000000000,0.000000000000000,18680.240000000001601,0.000000000000000,0.000000000000000,0.000000000000000,145.439999999999998
"31","037","31037",Yucatán,19757.15000,195.90283,Huhí,"2335","2336",2271.079999999999927,0.000000000000000,10.070000000000000,0.000000000000000,0.000000000000000,0.000000000000000,91.420000000000002,0.000000000000000,0.000000000000000,0.000000000000000,0.000000000000000,17207.419999999998254,0.000000000000000,0.000000000000000,0.000000000000000,173.990000000000009
"31","038","31038",Yucatán,83964.62000,832.05739,Hunucmá,"2336","2337",1488.180000000000064,176.180000000000007,550.389999999999986,4015.420000000000073,0.000000000000000,13577.399999999999636,6421.350000000000364,0.000000000000000,0.000000000000000,0.000000000000000,43948.900000000001455,1618.269999999999982,2327.190000000000055,428.459999999999980,7451.819999999999709,1835.039999999999964
"31","039","31039",Yucatán,13676.04000,135.49163,Ixil,"2337","2338",324.889999999999986,0.000000000000000,298.920000000000016,0.000000000000000,0.000000000000000,1189.900000000000091,1953.869999999999891,0.000000000000000,0.000000000000000,0.000000000000000,8695.850000000000364,0.000000000000000,292.250000000000000,28.550000000000001,528.419999999999959,374.079999999999984
"31","040","31040",Yucatán,45874.74000,454.70860,Izamal,"2338","2339",2541.769999999999982,0.000000000000000,0.000000000000000,16.090000000000000,0.000000000000000,0.000000000000000,18728.380000000001019,0.000000000000000,0.000000000000000,0.000000000000000,0.000000000000000,23810.150000000001455,0.000000000000000,0.000000000000000,0.000000000000000,790.159999999999968
"31","041","31041",Yucatán,10224.13000,101.34060,Kanasín,"2339","2340",3041.690000000000055,0.000000000000000,0.000000000000000,516.970000000000027,0.000000000000000,0.000000000000000,164.550000000000011,0.000000000000000,0.000000000000000,0.000000000000000,842.360000000000014,2774.280000000000200,0.000000000000000,0.000000000000000,0.000000000000000,2893.630000000000109
"31","042","31042",Yucatán,19968.24000,197.97444,Kantunil,"2340","2341",2855.440000000000055,0.000000000000000,0.000000000000000,0.000000000000000,0.000000000000000,0.000000000000000,2094.230000000000018,0.000000000000000,0.000000000000000,0.000000000000000,0.000000000000000,14805.510000000000218,0.000000000000000,0.000000000000000,0.000000000000000,218.139999999999986
"31","043","31043",Yucatán,13735.01000,136.21297,Kaua,"2341","2342",1665.119999999999891,0.000000000000000,0.000000000000000,255.509999999999991,0.000000000000000,0.000000000000000,74.079999999999998,0.000000000000000,0.000000000000000,0.000000000000000,0.000000000000000,11613.190000000000509,0.000000000000000,0.000000000000000,0.000000000000000,123.750000000000000
"31","044","31044",Yucatán,35584.34000,352.74649,Kinchil,"2342","2343",6637.470000000000255,0.000000000000000,0.000000000000000,3.480000000000000,0.000000000000000,0.000000000000000,2305.170000000000073,0.000000000000000,0.000000000000000,0.000000000000000,23439.639999999999418,3037.780000000000200,0.000000000000000,0.000000000000000,0.000000000000000,221.080000000000013
"31","045","31045",Yucatán,15773.70000,156.42068,Kopomá,"2343","2344",4476.710000000000036,0.000000000000000,42.340000000000003,0.000000000000000,0.000000000000000,0.000000000000000,972.240000000000009,0.000000000000000,0.000000000000000,0.000000000000000,0.000000000000000,9972.819999999999709,0.000000000000000,0.000000000000000,0.000000000000000,332.699999999999989
"31","046","31046",Yucatán,10040.90000,99.59496,Mama,"2344","2345",1532.940000000000055,0.000000000000000,1.050000000000000,0.000000000000000,0.000000000000000,0.000000000000000,441.990000000000009,0.000000000000000,0.000000000000000,0.000000000000000,0.000000000000000,7983.840000000000146,0.000000000000000,0.000000000000000,0.000000000000000,88.400000000000006
"31","047","31047",Yucatán,12677.79000,125.77785,Maní,"2345","2346",3125.710000000000036,0.000000000000000,0.000000000000000,0.000000000000000,0.000000000000000,0.000000000000000,722.549999999999955,0.000000000000000,0.000000000000000,0.000000000000000,0.000000000000000,8626.350000000000364,0.000000000000000,0.000000000000000,0.000000000000000,205.840000000000003
"31","048","31048",Yucatán,91084.12000,903.26287,Maxcanú,"2346","2347",4566.250000000000000,0.000000000000000,6.040000000000000,0.000000000000000,0.000000000000000,955.610000000000014,9679.250000000000000,469.779999999999973,0.000000000000000,0.000000000000000,6268.520000000000437,63741.959999999999127,0.000000000000000,0.000000000000000,1421.460000000000036,2037.119999999999891
"31","049","31049",Yucatán,9361.73000,92.86027,Mayapán,"2347","2348",3893.719999999999800,0.000000000000000,0.000000000000000,0.000000000000000,0.000000000000000,0.000000000000000,0.000000000000000,0.000000000000000,0.000000000000000,0.000000000000000,0.000000000000000,5379.689999999999600,0.000000000000000,0.000000000000000,0.000000000000000,92.859999999999999
"31","050","31050",Yucatán,88344.41000,875.57653,Mérida,"2348","2349",5227.489999999999782,0.000000000000000,0.000000000000000,523.179999999999950,0.000000000000000,0.000000000000000,644.659999999999968,0.000000000000000,0.000000000000000,0.000000000000000,27299.130000000001019,19599.840000000000146,0.000000000000000,0.000000000000000,0.000000000000000,35105.620000000002619
"31","051","31051",Yucatán,4721.84000,46.78734,Mocochá,"2349","2350",1199.700000000000045,0.000000000000000,0.000000000000000,226.060000000000002,0.000000000000000,0.000000000000000,823.279999999999973,0.000000000000000,0.000000000000000,0.000000000000000,2363.920000000000073,0.000000000000000,0.000000000000000,0.000000000000000,0.000000000000000,112.689999999999998
"31","052","31052",Yucatán,32060.06000,317.66895,Motul,"2350","2351",9069.059999999999491,0.000000000000000,0.000000000000000,0.000000000000000,0.000000000000000,75.829999999999998,1920.769999999999982,0.000000000000000,0.000000000000000,0.000000000000000,13679.940000000000509,5228.640000000000327,181.030000000000001,0.000000000000000,50.920000000000002,1850.079999999999927
"31","053","31053",Yucatán,39733.89000,394.15350,Muna,"2351","2352",7226.949999999999818,0.000000000000000,0.000000000000000,0.000000000000000,0.000000000000000,0.000000000000000,560.169999999999959,0.000000000000000,0.000000000000000,0.000000000000000,2306.900000000000091,29376.840000000000146,0.000000000000000,0.000000000000000,0.000000000000000,311.449999999999989
"31","054","31054",Yucatán,7163.88000,70.99324,Muxupip,"2352","2353",1583.890000000000100,0.000000000000000,0.000000000000000,0.000000000000000,0.000000000000000,0.000000000000000,0.000000000000000,0.000000000000000,0.000000000000000,0.000000000000000,5490.380000000000109,0.000000000000000,0.000000000000000,0.000000000000000,0.000000000000000,79.680000000000007
"31","055","31055",Yucatán,25938.88000,257.26178,Opichén,"2353","2354",4107.020000000000437,0.000000000000000,12.390000000000001,342.029999999999973,0.000000000000000,0.000000000000000,35.109999999999999,0.000000000000000,0.000000000000000,0.000000000000000,2400.659999999999854,18643.869999999998981,0.000000000000000,0.000000000000000,0.000000000000000,433.439999999999998
"31","056","31056",Yucatán,86294.85000,856.52084,Oxkutzcab,"2354","2355",15220.770000000000437,0.000000000000000,0.000000000000000,0.000000000000000,0.000000000000000,0.000000000000000,87.750000000000000,0.000000000000000,0.000000000000000,0.000000000000000,5276.340000000000146,64871.790000000000873,0.000000000000000,0.000000000000000,0.000000000000000,915.320000000000050
"31","057","31057",Yucatán,66527.46000,658.99951,Panabá,"2355","2356",0.000000000000000,0.000000000000000,37.969999999999999,0.000000000000000,0.000000000000000,0.000000000000000,65073.419999999998254,0.000000000000000,0.000000000000000,0.000000000000000,87.260000000000005,1201.059999999999945,0.000000000000000,0.000000000000000,0.000000000000000,105.019999999999996
"31","058","31058",Yucatán,105504.12000,1047.35993,Peto,"2356","2357",16267.409999999999854,0.000000000000000,42.899999999999999,0.000000000000000,0.000000000000000,0.000000000000000,7620.279999999999745,0.000000000000000,0.000000000000000,0.000000000000000,1295.890000000000100,79440.050000000002910,0.000000000000000,0.000000000000000,0.000000000000000,848.750000000000000
"31","059","31059",Yucatán,66379.80000,657.35070,Progreso,"2357","2358",46.240000000000002,0.000000000000000,3702.010000000000218,1859.829999999999927,0.000000000000000,6461.699999999999818,2311.599999999999909,0.000000000000000,0.000000000000000,0.000000000000000,19966.569999999999709,0.000000000000000,2869.230000000000018,219.289999999999992,463.060000000000002,3340.889999999999873
